N,SUNSPOT_COUNTS,SUNSPOT_COUNTS
11,80.9,80.9
12,82.2,82.2
13,83.3,83.3
14,84.9,84.9
15,87.6,87.6
16,88.0,88.0
17,89.4,89.4
18,88.6,88.6
19,91.7,91.7
20,93.0,93.0
21,92.2,92.2
22,84.2,84.2
23,83.4,83.4
24,83.1,83.1
25,80.4,80.4
26,76.8,76.8
27,74.1,74.1
28,71.7,71.7
29,67.6,67.6
30,66.0,66.0
31,62.4,62.4
32,56.7,56.7
33,53.2,53.2
34,50.3,50.3
35,47.7,47.7
36,44.7,44.7
37,45.3,45.3
38,47.4,47.4
39,47.7,47.7
40,47.6,47.6
41,46.7,46.7
42,47.7,47.7
43,45.1,45.1
44,45.4,45.4
45,47.4,47.4
46,48.1,48.1
47,47.8,47.8
48,48.6,48.6
49,47.1,47.1
50,44.9,44.9
51,43.2,43.2
52,41.2,41.2
53,40.5,40.5
54,35.9,35.9
55,36.7,36.7
56,36.7,36.7
57,34.9,34.9
58,33.5,33.5
59,30.7,30.7
60,27.0,27.0
61,24.6,24.6
62,20.9,20.9
63,18.9,18.9
64,17.6,17.6
65,17.2,17.2
66,16.9,16.9
67,14.7,14.7
68,13.1,13.1
69,13.0,13.0
70,12.4,12.4
71,12.2,12.2
72,13.1,13.1
73,13.8,13.8
74,14.2,14.2
75,13.6,13.6
76,11.9,11.9
77,9.6,9.6
78,8.8,8.8
79,8.0,8.0
80,8.8,8.8
81,8.8,8.8
82,8.3,8.3
83,9.6,9.6
84,9.8,9.8
85,9.4,9.4
86,9.3,9.3
87,9.5,9.5
88,10.6,10.6
89,11.7,11.7
90,11.2,11.2
91,11.5,11.5
92,11.0,11.0
93,10.2,10.2
94,11.1,11.1
95,10.2,10.2
96,10.3,10.3
97,11.5,11.5
98,13.2,13.2
99,15.0,15.0
100,17.1,17.1
101,17.1,17.1
102,18.9,18.9
103,22.6,22.6
104,24.9,24.9
105,26.4,26.4
106,30.4,30.4
107,32.4,32.4
108,34.4,34.4
109,37.0,37.0
110,38.9,38.9
111,42.4,42.4
112,43.1,43.1
113,45.8,45.8
114,47.3,47.3
115,46.3,46.3
116,48.2,48.2
117,48.6,48.6
118,46.8,46.8
119,47.6,47.6
120,48.5,48.5
121,47.8,47.8
122,47.6,47.6
123,45.5,45.5
124,45.8,45.8
125,46.2,46.2
126,46.8,46.8
127,49.5,49.5
128,50.7,50.7
129,52.5,52.5
130,52.8,52.8
131,54.0,54.0
132,55.6,55.6
133,56.8,56.8
134,59.2,59.2
135,60.1,60.1
136,62.0,62.0
137,61.9,61.9
138,63.1,63.1
139,63.5,63.5
140,62.2,62.2
141,61.4,61.4
142,62.5,62.5
143,62.9,62.9
144,63.1,63.1
145,65.7,65.7
146,66.2,66.2
147,67.3,67.3
148,70.3,70.3
149,74.5,74.5
150,76.9,76.9
151,78.1,78.1
152,81.4,81.4
153,84.6,84.6
154,87.1,87.1
155,85.9,85.9
156,83.7,83.7
157,82.2,82.2
158,79.2,79.2
159,78.3,78.3
160,72.7,72.7
161,70.8,70.8
162,65.8,65.8
163,63.8,63.8
164,61.2,61.2
165,59.5,59.5
166,58.6,58.6
167,61.2,61.2
168,62.2,62.2
169,58.8,58.8
170,57.8,57.8
171,55.6,55.6
172,55.0,55.0
173,51.5,51.5
174,53.2,53.2
175,49.8,49.8
176,49.8,49.8
177,47.8,47.8
178,46.4,46.4
179,45.1,45.1
180,45.4,45.4
181,47.7,47.7
182,48.2,48.2
183,48.3,48.3
184,49.3,49.3
185,48.8,48.8
186,46.8,46.8
187,47.1,47.1
188,43.8,43.8
189,42.2,42.2
190,39.3,39.3
191,36.4,36.4
192,33.4,33.4
193,30.6,30.6
194,29.3,29.3
195,28.3,28.3
196,26.3,26.3
197,25.4,25.4
198,25.2,25.2
199,25.2,25.2
200,24.1,24.1
201,23.0,23.0
202,22.0,22.0
203,20.9,20.9
204,19.9,19.9
205,18.7,18.7
206,19.6,19.6
207,18.3,18.3
208,18.8,18.8
209,17.4,17.4
210,15.5,15.5
211,13.3,13.3
212,12.3,12.3
213,11.6,11.6
214,10.9,10.9
215,11.4,11.4
216,12.7,12.7
217,14.3,14.3
218,14.8,14.8
219,17.1,17.1
220,17.3,17.3
221,19.8,19.8
222,21.4,21.4
223,24.4,24.4
224,27.6,27.6
225,30.9,30.9
226,35.0,35.0
227,37.8,37.8
228,40.0,40.0
229,43.0,43.0
230,43.3,43.3
231,44.1,44.1
232,48.1,48.1
233,51.8,51.8
234,54.3,54.3
235,56.5,56.5
236,59.2,59.2
237,62.0,62.0
238,65.0,65.0
239,69.8,69.8
240,71.5,71.5
241,71.4,71.4
242,72.9,72.9
243,77.4,77.4
244,77.0,77.0
245,78.5,78.5
246,84.0,84.0
247,88.4,88.4
248,94.6,94.6
249,101.3,101.3
250,106.1,106.1
251,106.1,106.1
252,108.6,108.6
253,115.1,115.1
254,116.4,116.4
255,112.6,112.6
256,112.3,112.3
257,111.4,111.4
258,110.7,110.7
259,111.2,111.2
260,107.5,107.5
261,102.9,102.9
262,101.6,101.6
263,100.8,100.8
264,95.1,95.1
265,87.1,87.1
266,84.3,84.3
267,85.5,85.5
268,92.4,92.4
269,95.4,95.4
270,91.9,91.9
271,86.2,86.2
272,86.0,86.0
273,84.8,84.8
274,82.1,82.1
275,81.6,81.6
276,87.0,87.0
277,90.7,90.7
278,89.4,89.4
279,91.7,91.7
280,82.1,82.1
281,76.9,76.9
282,77.7,77.7
283,77.5,77.5
284,73.3,73.3
285,72.3,72.3
286,69.1,69.1
287,66.5,66.5
288,62.6,62.6
289,57.5,57.5
290,59.2,59.2
291,54.2,54.2
292,54.5,54.5
293,52.1,52.1
294,48.0,48.0
295,44.3,44.3
296,42.6,42.6
297,38.2,38.2
298,36.5,36.5
299,34.8,34.8
300,34.1,34.1
301,37.2,37.2
302,37.5,37.5
303,38.4,38.4
304,39.3,39.3
305,39.3,39.3
306,38.5,38.5
307,37.9,37.9
308,36.2,36.2
309,35.1,35.1
310,33.2,33.2
311,30.6,30.6
312,27.1,27.1
313,21.6,21.6
314,18.0,18.0
315,15.2,15.2
316,11.3,11.3
317,9.9,9.9
318,8.6,8.6
319,8.7,8.7
320,8.3,8.3
321,7.6,7.6
322,7.4,7.4
323,7.0,7.0
324,8.5,8.5
325,9.4,9.4
326,9.0,9.0
327,9.9,9.9
328,10.5,10.5
329,11.0,11.0
330,11.0,11.0
331,12.4,12.4
332,13.5,13.5
333,15.5,15.5
334,17.1,17.1
335,19.8,19.8
336,21.8,21.8
337,23.8,23.8
338,26.6,26.6
339,32.7,32.7
340,38.5,38.5
341,43.6,43.6
342,51.4,51.4
343,58.8,58.8
344,67.1,67.1
345,73.5,73.5
346,82.7,82.7
347,92.5,92.5
348,103.5,103.5
349,109.6,109.6
350,117.5,117.5
351,121.6,121.6
352,134.9,134.9
353,142.4,142.4
354,147.3,147.3
355,149.6,149.6
356,154.2,154.2
357,158.4,158.4
358,158.7,158.7
359,154.4,154.4
360,149.2,149.2
361,153.9,153.9
362,152.5,152.5
363,152.5,152.5
364,144.3,144.3
365,139.5,139.5
366,138.6,138.6
367,136.3,136.3
368,131.2,131.2
369,128.5,128.5
370,125.5,125.5
371,125.9,125.9
372,122.2,122.2
373,116.6,116.6
374,114.9,114.9
375,110.7,110.7
376,108.0,108.0
377,105.9,105.9
378,101.1,101.1
379,98.9,98.9
380,97.5,97.5
381,93.6,93.6
382,89.1,89.1
383,84.8,84.8
384,87.2,87.2
385,85.3,85.3
386,81.5,81.5
387,79.3,79.3
388,79.1,79.1
389,79.9,79.9
390,78.8,78.8
391,77.2,77.2
392,73.6,73.6
393,69.5,69.5
394,70.1,70.1
395,68.1,68.1
396,64.4,64.4
397,61.3,61.3
398,59.9,59.9
399,57.7,57.7
400,53.5,53.5
401,48.5,48.5
402,45.4,45.4
403,43.6,43.6
404,42.2,42.2
405,41.9,41.9
406,38.9,38.9
407,38.5,38.5
408,36.3,36.3
409,36.4,36.4
410,35.5,35.5
411,34.5,34.5
412,31.9,31.9
413,30.8,30.8
414,30.4,30.4
415,28.4,28.4
416,27.1,27.1
417,25.8,25.8
418,24.4,24.4
419,22.8,22.8
420,21.6,21.6
421,19.0,19.0
422,17.7,17.7
423,16.2,16.2
424,14.7,14.7
425,13.4,13.4
426,11.2,11.2
427,10.4,10.4
428,9.7,9.7
429,9.7,9.7
430,9.9,9.9
431,10.2,10.2
432,9.6,9.6
433,9.6,9.6
434,9.5,9.5
435,9.9,9.9
436,11.2,11.2
437,12.6,12.6
438,15.1,15.1
439,16.0,16.0
440,17.8,17.8
441,21.1,21.1
442,23.0,23.0
443,24.1,24.1
444,26.7,26.7
445,30.0,30.0
446,33.2,33.2
447,39.0,39.0
448,45.0,45.0
449,47.7,47.7
450,51.6,51.6
451,57.4,57.4
452,64.0,64.0
453,69.4,69.4
454,75.8,75.8
455,82.9,82.9
456,91.0,91.0
457,95.9,95.9
458,99.2,99.2
459,102.7,102.7
460,106.2,106.2
461,109.5,109.5
462,113.3,113.3
463,117.3,117.3
464,121.1,121.1
465,124.8,124.8
466,126.9,126.9
467,132.0,132.0
468,132.3,132.3
469,134.2,134.2
470,138.9,138.9
471,137.3,137.3
472,135.5,135.5
473,140.1,140.1
474,141.2,141.2
475,141.1,141.1
476,139.8,139.8
477,138.5,138.5
478,134.6,134.6
479,130.9,130.9
480,128.9,128.9
481,128.6,128.6
482,126.6,126.6
483,127.9,127.9
484,128.8,128.8
485,125.9,125.9
486,123.9,123.9
487,121.1,121.1
488,118.7,118.7
489,114.3,114.3
490,117.6,117.6
491,118.1,118.1
492,117.2,117.2
493,117.4,117.4
494,115.4,115.4
495,113.0,113.0
496,110.4,110.4
497,108.0,108.0
498,104.0,104.0
499,102.7,102.7
500,99.8,99.8
501,99.4,99.4
502,95.0,95.0
503,89.9,89.9
504,87.4,87.4
505,81.9,81.9
506,80.1,80.1
507,78.7,78.7
508,77.0,77.0
509,74.8,74.8
510,75.0,75.0
511,71.3,71.3
512,70.4,70.4
513,68.5,68.5
514,67.3,67.3
515,66.6,66.6
516,65.4,65.4
517,65.5,65.5
518,64.6,64.6
519,64.5,64.5
520,63.5,63.5
521,63.2,63.2
522,61.1,61.1
523,62.6,62.6
524,61.9,61.9
525,61.7,61.7
526,60.9,60.9
527,60.0,60.0
528,59.9,59.9
529,59.1,59.1
530,58.5,58.5
531,56.6,56.6
532,55.8,55.8
533,55.0,55.0
534,55.3,55.3
535,52.8,52.8
536,49.8,49.8
537,48.8,48.8
538,47.8,47.8
539,46.9,46.9
540,46.0,46.0
541,45.1,45.1
542,43.6,43.6
543,41.6,41.6
544,41.8,41.8
545,41.1,41.1
546,40.3,40.3
547,41.2,41.2
548,40.1,40.1
549,38.6,38.6
550,40.5,40.5
551,41.0,41.0
552,39.0,39.0
553,38.7,38.7
554,36.6,36.6
555,35.8,35.8
556,33.7,33.7
557,31.7,31.7
558,29.3,29.3
559,28.1,28.1
560,28.3,28.3
561,27.6,27.6
562,24.1,24.1
563,21.3,21.3
564,21.3,21.3
565,20.0,20.0
566,20.2,20.2
567,21.3,21.3
568,20.5,20.5
569,19.6,19.6
570,20.8,20.8
571,18.8,18.8
572,19.2,19.2
573,18.5,18.5
574,17.1,17.1
575,16.0,16.0
576,15.4,15.4
577,13.8,13.8
578,12.8,12.8
579,10.5,10.5
580,9.3,9.3
581,9.7,9.7
582,7.8,7.8
583,8.2,8.2
584,7.1,7.1
585,6.8,6.8
586,6.6,6.6
587,6.4,6.4
588,5.4,5.4
589,5.3,5.3
590,6.0,6.0
591,5.8,5.8
592,5.2,5.2
593,4.3,4.3
594,3.9,3.9
595,3.7,3.7
596,3.4,3.4
597,2.9,2.9
598,3.5,3.5
599,4.1,4.1
600,4.0,4.0
601,4.8,4.8
602,5.5,5.5
603,6.1,6.1
604,6.8,6.8
605,7.7,7.7
606,7.9,7.9
607,7.6,7.6
608,7.4,7.4
609,7.7,7.7
610,6.9,6.9
611,6.8,6.8
612,7.2,7.2
613,6.9,6.9
614,6.3,6.3
615,5.6,5.6
616,5.3,5.3
617,6.4,6.4
618,8.0,8.0
619,9.6,9.6
620,10.6,10.6
621,11.2,11.2
622,11.9,11.9
623,14.5,14.5
624,16.2,16.2
625,17.8,17.8
626,19.1,19.1
627,21.7,21.7
628,24.0,24.0
629,24.6,24.6
630,25.8,25.8
631,27.4,27.4
632,29.2,29.2
633,30.9,30.9
634,33.3,33.3
635,34.0,34.0
636,35.7,35.7
637,37.2,37.2
638,38.1,38.1
639,39.1,39.1
640,40.1,40.1
641,41.3,41.3
642,42.4,42.4
643,43.3,43.3
644,44.8,44.8
645,45.3,45.3
646,44.9,44.9
647,45.0,45.0
648,45.2,45.2
649,45.5,45.5
650,44.6,44.6
651,43.2,43.2
652,43.2,43.2
653,42.4,42.4
654,42.4,42.4
655,41.1,41.1
656,40.5,40.5
657,41.8,41.8
658,43.2,43.2
659,43.1,43.1
660,42.7,42.7
661,42.5,42.5
662,44.0,44.0
663,46.1,46.1
664,45.2,45.2
665,45.1,45.1
666,43.6,43.6
667,44.3,44.3
668,45.0,45.0
669,45.6,45.6
670,46.5,46.5
671,47.5,47.5
672,48.8,48.8
673,48.4,48.4
674,48.7,48.7
675,47.6,47.6
676,48.1,48.1
677,48.6,48.6
678,49.2,49.2
679,49.2,49.2
680,48.5,48.5
681,45.7,45.7
682,44.1,44.1
683,42.2,42.2
684,40.4,40.4
685,39.2,39.2
686,37.6,37.6
687,36.8,36.8
688,35.8,35.8
689,34.5,34.5
690,33.9,33.9
691,32.5,32.5
692,30.8,30.8
693,30.6,30.6
694,29.3,29.3
695,28.1,28.1
696,25.9,25.9
697,24.4,24.4
698,22.5,22.5
699,22.2,22.2
700,20.8,20.8
701,19.7,19.7
702,18.2,18.2
703,17.0,17.0
704,15.5,15.5
705,13.9,13.9
706,12.1,12.1
707,10.1,10.1
708,9.1,9.1
709,8.4,8.4
710,7.6,7.6
711,6.7,6.7
712,6.9,6.9
713,7.1,7.1
714,6.6,6.6
715,6.2,6.2
716,6.7,6.7
717,6.5,6.5
718,7.1,7.1
719,8.1,8.1
720,8.7,8.7
721,9.1,9.1
722,9.2,9.2
723,8.4,8.4
724,7.4,7.4
725,7.0,7.0
726,6.4,6.4
727,5.8,5.8
728,4.8,4.8
729,4.4,4.4
730,3.6,3.6
731,2.5,2.5
732,1.9,1.9
733,1.2,1.2
734,1.1,1.1
735,0.9,0.9
736,0.7,0.7
737,0.1,0.1
738,0.1,0.1
739,0.0,0.0
740,0.0,0.0
741,0.0,0.0
742,0.0,0.0
743,0.0,0.0
744,0.0,0.0
745,0.0,0.0
746,0.0,0.0
747,0.0,0.0
748,0.0,0.0
749,0.0,0.0
750,0.6,0.6
751,0.6,0.6
752,0.8,0.8
753,1.3,1.3
754,1.3,1.3
755,1.4,1.4
756,2.4,2.4
757,2.5,2.5
758,2.6,2.6
759,2.6,2.6
760,2.7,2.7
761,2.8,2.8
762,2.3,2.3
763,3.6,3.6
764,3.8,3.8
765,3.6,3.6
766,4.2,4.2
767,5.0,5.0
768,4.0,4.0
769,4.7,4.7
770,4.8,4.8
771,6.2,6.2
772,6.6,6.6
773,7.4,7.4
774,8.9,8.9
775,8.3,8.3
776,9.1,9.1
777,11.1,11.1
778,11.8,11.8
779,12.2,12.2
780,14.0,14.0
781,14.2,14.2
782,14.5,14.5
783,15.1,15.1
784,15.1,15.1
785,15.4,15.4
786,15.5,15.5
787,14.9,14.9
788,14.3,14.3
789,13.6,13.6
790,13.5,13.5
791,13.9,13.9
792,13.7,13.7
793,15.4,15.4
794,17.1,17.1
795,17.7,17.7
796,18.1,18.1
797,21.5,21.5
798,22.9,22.9
799,26.6,26.6
800,28.6,28.6
801,29.8,29.8
802,31.7,31.7
803,35.4,35.4
804,36.0,36.0
805,39.0,39.0
806,43.0,43.0
807,45.3,45.3
808,48.1,48.1
809,47.1,47.1
810,47.4,47.4
811,45.4,45.4
812,46.8,46.8
813,48.7,48.7
814,48.7,48.7
815,45.8,45.8
816,46.7,46.7
817,45.7,45.7
818,47.6,47.6
819,44.9,44.9
820,43.0,43.0
821,42.7,42.7
822,43.6,43.6
823,45.4,45.4
824,44.5,44.5
825,42.0,42.0
826,41.2,41.2
827,41.1,41.1
828,40.9,40.9
829,38.0,38.0
830,32.1,32.1
831,32.8,32.8
832,35.4,35.4
833,35.1,35.1
834,33.3,33.3
835,32.2,32.2
836,31.3,31.3
837,31.8,31.8
838,30.3,30.3
839,30.1,30.1
840,29.9,29.9
841,29.7,29.7
842,27.9,27.9
843,26.7,26.7
844,23.9,23.9
845,23.8,23.8
846,24.1,24.1
847,23.6,23.6
848,22.7,22.7
849,22.4,22.4
850,23.5,23.5
851,23.9,23.9
852,22.8,22.8
853,23.3,23.3
854,23.4,23.4
855,23.3,23.3
856,24.1,24.1
857,22.1,22.1
858,21.2,21.2
859,21.2,21.2
860,20.4,20.4
861,18.9,18.9
862,17.4,17.4
863,15.7,15.7
864,15.9,15.9
865,14.0,14.0
866,14.1,14.1
867,13.3,13.3
868,11.0,11.0
869,10.2,10.2
870,8.7,8.7
871,6.9,6.9
872,6.9,6.9
873,7.7,7.7
874,7.4,7.4
875,6.6,6.6
876,4.8,4.8
877,4.5,4.5
878,5.4,5.4
879,5.7,5.7
880,5.7,5.7
881,6.0,6.0
882,6.5,6.5
883,6.3,6.3
884,5.9,5.9
885,4.4,4.4
886,4.0,4.0
887,4.0,4.0
888,4.0,4.0
889,3.9,3.9
890,2.6,2.6
891,1.5,1.5
892,1.4,1.4
893,0.9,0.9
894,0.3,0.3
895,0.1,0.1
896,0.1,0.1
897,0.1,0.1
898,0.1,0.1
899,1.8,1.8
900,3.6,3.6
901,4.5,4.5
902,4.4,4.4
903,6.1,6.1
904,6.3,6.3
905,6.3,6.3
906,6.3,6.3
907,6.4,6.4
908,8.1,8.1
909,10.2,10.2
910,10.2,10.2
911,8.5,8.5
912,7.2,7.2
913,7.6,7.6
914,9.4,9.4
915,8.1,8.1
916,9.2,9.2
917,10.5,10.5
918,13.0,13.0
919,15.0,15.0
920,14.6,14.6
921,13.8,13.8
922,14.8,14.8
923,16.6,16.6
924,17.6,17.6
925,17.9,17.9
926,19.0,19.0
927,20.7,20.7
928,22.1,22.1
929,24.0,24.0
930,25.8,25.8
931,26.9,26.9
932,27.2,27.2
933,30.1,30.1
934,32.4,32.4
935,36.3,36.3
936,37.7,37.7
937,40.1,40.1
938,41.9,41.9
939,43.7,43.7
940,45.7,45.7
941,47.3,47.3
942,46.5,46.5
943,47.7,47.7
944,50.3,50.3
945,50.8,50.8
946,51.5,51.5
947,49.7,49.7
948,51.2,51.2
949,52.6,52.6
950,53.2,53.2
951,54.5,54.5
952,57.2,57.2
953,60.7,60.7
954,61.6,61.6
955,63.5,63.5
956,63.6,63.6
957,63.4,63.4
958,64.1,64.1
959,64.2,64.2
960,63.3,63.3
961,62.1,62.1
962,62.7,62.7
963,65.5,65.5
964,63.7,63.7
965,61.7,61.7
966,64.8,64.8
967,64.9,64.9
968,65.1,65.1
969,65.3,65.3
970,66.2,66.2
971,67.0,67.0
972,67.8,67.8
973,69.7,69.7
974,70.7,70.7
975,71.7,71.7
976,71.6,71.6
977,70.9,70.9
978,67.0,67.0
979,64.7,64.7
980,65.5,65.5
981,67.7,67.7
982,68.9,68.9
983,71.0,71.0
984,70.6,70.6
985,68.8,68.8
986,69.5,69.5
987,65.1,65.1
988,62.8,62.8
989,60.1,60.1
990,60.2,60.2
991,60.6,60.6
992,58.6,58.6
993,55.4,55.4
994,52.2,52.2
995,47.8,47.8
996,46.4,46.4
997,46.9,46.9
998,43.7,43.7
999,41.4,41.4
1000,41.6,41.6
1001,41.1,41.1
1002,38.5,38.5
1003,34.6,34.6
1004,32.2,32.2
1005,30.1,30.1
1006,27.6,27.6
1007,27.5,27.5
1008,25.9,25.9
1009,22.5,22.5
1010,18.9,18.9
1011,16.9,16.9
1012,14.5,14.5
1013,12.4,12.4
1014,11.8,11.8
1015,11.5,11.5
1016,11.8,11.8
1017,10.7,10.7
1018,10.0,10.0
1019,8.5,8.5
1020,8.0,8.0
1021,8.3,8.3
1022,7.6,7.6
1023,7.5,7.5
1024,7.1,7.1
1025,7.7,7.7
1026,7.9,7.9
1027,7.7,7.7
1028,7.7,7.7
1029,9.1,9.1
1030,11.2,11.2
1031,13.2,13.2
1032,13.5,13.5
1033,14.0,14.0
1034,15.3,15.3
1035,20.3,20.3
1036,23.2,23.2
1037,25.3,25.3
1038,29.6,29.6
1039,34.2,34.2
1040,41.6,41.6
1041,47.5,47.5
1042,53.3,53.3
1043,56.9,56.9
1044,63.6,63.6
1045,70.5,70.5
1046,77.1,77.1
1047,83.9,83.9
1048,89.5,89.5
1049,97.1,97.1
1050,101.9,101.9
1051,105.9,105.9
1052,105.5,105.5
1053,109.0,109.0
1054,110.7,110.7
1055,121.5,121.5
1056,129.7,129.7
1057,135.4,135.4
1058,138.4,138.4
1059,138.1,138.1
1060,138.0,138.0
1061,140.8,140.8
1062,144.7,144.7
1063,146.8,146.8
1064,146.9,146.9
1065,145.8,145.8
1066,144.6,144.6
1067,138.3,138.3
1068,134.7,134.7
1069,127.1,127.1
1070,127.6,127.6
1071,126.7,126.7
1072,128.9,128.9
1073,123.6,123.6
1074,119.0,119.0
1075,114.4,114.4
1076,112.5,112.5
1077,109.8,109.8
1078,107.3,107.3
1079,103.2,103.2
1080,100.0,100.0
1081,101.5,101.5
1082,96.3,96.3
1083,90.9,90.9
1084,83.9,83.9
1085,80.6,80.6
1086,78.6,78.6
1087,83.0,83.0
1088,87.9,87.9
1089,87.9,87.9
1090,87.2,87.2
1091,85.8,85.8
1092,83.6,83.6
1093,82.4,82.4
1094,80.5,80.5
1095,80.9,80.9
1096,82.2,82.2
1097,81.7,81.7
1098,79.7,79.7
1099,73.5,73.5
1100,68.6,68.6
1101,65.2,65.2
1102,64.0,64.0
1103,63.2,63.2
1104,58.4,58.4
1105,53.6,53.6
1106,51.5,51.5
1107,49.5,49.5
1108,49.4,49.4
1109,50.0,50.0
1110,47.5,47.5
1111,45.9,45.9
1112,42.7,42.7
1113,40.9,40.9
1114,38.0,38.0
1115,36.8,36.8
1116,36.5,36.5
1117,35.9,35.9
1118,35.2,35.2
1119,33.9,33.9
1120,30.3,30.3
1121,27.4,27.4
1122,25.9,25.9
1123,24.8,24.8
1124,23.4,23.4
1125,24.2,24.2
1126,26.0,26.0
1127,24.2,24.2
1128,23.6,23.6
1129,22.1,22.1
1130,20.9,20.9
1131,19.4,19.4
1132,19.1,19.1
1133,18.3,18.3
1134,18.0,18.0
1135,16.8,16.8
1136,15.6,15.6
1137,12.9,12.9
1138,11.1,11.1
1139,10.7,10.7
1140,10.4,10.4
1141,11.3,11.3
1142,11.7,11.7
1143,12.7,12.7
1144,12.0,12.0
1145,11.4,11.4
1146,12.4,12.4
1147,13.4,13.4
1148,13.6,13.6
1149,15.0,15.0
1150,14.3,14.3
1151,15.0,15.0
1152,16.4,16.4
1153,18.8,18.8
1154,21.2,21.2
1155,24.3,24.3
1156,27.2,27.2
1157,29.5,29.5
1158,30.3,30.3
1159,31.0,31.0
1160,32.9,32.9
1161,34.5,34.5
1162,36.9,36.9
1163,40.1,40.1
1164,41.1,41.1
1165,41.8,41.8
1166,43.5,43.5
1167,44.5,44.5
1168,45.5,45.5
1169,48.3,48.3
1170,49.7,49.7
1171,51.5,51.5
1172,58.0,58.0
1173,59.3,59.3
1174,61.0,61.0
1175,61.5,61.5
1176,63.5,63.5
1177,63.0,63.0
1178,64.8,64.8
1179,62.8,62.8
1180,64.1,64.1
1181,65.7,65.7
1182,66.2,66.2
1183,73.4,73.4
1184,77.9,77.9
1185,88.2,88.2
1186,94.8,94.8
1187,98.5,98.5
1188,106.5,106.5
1189,112.1,112.1
1190,114.0,114.0
1191,119.2,119.2
1192,121.4,121.4
1193,124.7,124.7
1194,131.9,131.9
1195,131.2,131.2
1196,126.2,126.2
1197,122.2,122.2
1198,120.1,120.1
1199,124.3,124.3
1200,124.1,124.1
1201,125.8,125.8
1202,124.7,124.7
1203,124.4,124.4
1204,122.6,122.6
1205,119.0,119.0
1206,113.9,113.9
1207,108.0,108.0
1208,107.4,107.4
1209,102.4,102.4
1210,101.1,101.1
1211,95.9,95.9
1212,89.3,89.3
1213,85.8,85.8
1214,84.6,84.6
1215,79.8,79.8
1216,78.2,78.2
1217,77.2,77.2
1218,74.0,74.0
1219,74.0,74.0
1220,73.4,73.4
1221,73.4,73.4
1222,69.6,69.6
1223,66.5,66.5
1224,66.3,66.3
1225,67.7,67.7
1226,66.2,66.2
1227,67.2,67.2
1228,67.3,67.3
1229,66.7,66.7
1230,66.5,66.5
1231,66.1,66.1
1232,64.6,64.6
1233,63.9,63.9
1234,63.6,63.6
1235,64.5,64.5
1236,63.9,63.9
1237,60.8,60.8
1238,60.5,60.5
1239,61.2,61.2
1240,60.6,60.6
1241,59.2,59.2
1242,59.7,59.7
1243,58.2,58.2
1244,55.7,55.7
1245,56.1,56.1
1246,56.4,56.4
1247,54.2,54.2
1248,51.9,51.9
1249,49.9,49.9
1250,47.9,47.9
1251,46.4,46.4
1252,44.8,44.8
1253,44.2,44.2
1254,44.5,44.5
1255,45.4,45.4
1256,45.1,45.1
1257,43.0,43.0
1258,40.9,40.9
1259,39.0,39.0
1260,36.9,36.9
1261,35.0,35.0
1262,33.6,33.6
1263,31.8,31.8
1264,30.9,30.9
1265,29.3,29.3
1266,27.1,27.1
1267,24.2,24.2
1268,23.3,23.3
1269,20.8,20.8
1270,20.7,20.7
1271,20.6,20.6
1272,20.3,20.3
1273,19.6,19.6
1274,19.3,19.3
1275,17.5,17.5
1276,16.2,16.2
1277,14.9,14.9
1278,13.4,13.4
1279,12.3,12.3
1280,10.5,10.5
1281,10.2,10.2
1282,8.2,8.2
1283,6.7,6.7
1284,5.7,5.7
1285,5.2,5.2
1286,3.8,3.8
1287,3.9,3.9
1288,3.2,3.2
1289,3.2,3.2
1290,3.5,3.5
1291,3.7,3.7
1292,4.1,4.1
1293,3.7,3.7
1294,4.0,4.0
1295,4.3,4.3
1296,5.4,5.4
1297,5.6,5.6
1298,6.0,6.0
1299,6.4,6.4
1300,8.8,8.8
1301,9.7,9.7
1302,11.2,11.2
1303,12.1,12.1
1304,15.3,15.3
1305,18.3,18.3
1306,20.3,20.3
1307,22.8,22.8
1308,24.9,24.9
1309,27.2,27.2
1310,31.5,31.5
1311,33.8,33.8
1312,34.8,34.8
1313,37.2,37.2
1314,40.1,40.1
1315,43.3,43.3
1316,46.4,46.4
1317,50.6,50.6
1318,52.3,52.3
1319,54.8,54.8
1320,58.5,58.5
1321,62.9,62.9
1322,65.7,65.7
1323,69.6,69.6
1324,73.7,73.7
1325,77.3,77.3
1326,80.5,80.5
1327,84.8,84.8
1328,86.9,86.9
1329,88.9,88.9
1330,92.7,92.7
1331,93.8,93.8
1332,93.7,93.7
1333,93.7,93.7
1334,94.4,94.4
1335,93.2,93.2
1336,94.6,94.6
1337,96.3,96.3
1338,98.1,98.1
1339,97.6,97.6
1340,96.5,96.5
1341,94.4,94.4
1342,94.5,94.5
1343,95.7,95.7
1344,94.1,94.1
1345,93.2,93.2
1346,93.4,93.4
1347,95.7,95.7
1348,91.5,91.5
1349,89.8,89.8
1350,86.5,86.5
1351,85.0,85.0
1352,84.0,84.0
1353,82.1,82.1
1354,78.4,78.4
1355,77.2,77.2
1356,77.2,77.2
1357,76.1,76.1
1358,71.3,71.3
1359,67.6,67.6
1360,68.2,68.2
1361,67.9,67.9
1362,67.5,67.5
1363,65.9,65.9
1364,64.8,64.8
1365,62.7,62.7
1366,62.4,62.4
1367,59.1,59.1
1368,57.9,57.9
1369,57.2,57.2
1370,59.1,59.1
1371,58.0,58.0
1372,57.2,57.2
1373,53.6,53.6
1374,50.2,50.2
1375,49.0,49.0
1376,45.2,45.2
1377,45.1,45.1
1378,44.0,44.0
1379,44.0,44.0
1380,44.8,44.8
1381,44.0,44.0
1382,44.0,44.0
1383,43.6,43.6
1384,42.5,42.5
1385,43.9,43.9
1386,45.7,45.7
1387,46.3,46.3
1388,46.8,46.8
1389,46.3,46.3
1390,48.0,48.0
1391,47.0,47.0
1392,46.2,46.2
1393,45.6,45.6
1394,43.3,43.3
1395,42.8,42.8
1396,42.3,42.3
1397,40.3,40.3
1398,37.9,37.9
1399,36.5,36.5
1400,35.9,35.9
1401,34.5,34.5
1402,31.8,31.8
1403,30.5,30.5
1404,29.1,29.1
1405,29.0,29.0
1406,27.7,27.7
1407,26.8,26.8
1408,25.0,25.0
1409,23.5,23.5
1410,22.1,22.1
1411,20.0,20.0
1412,18.8,18.8
1413,18.5,18.5
1414,17.2,17.2
1415,16.3,16.3
1416,13.7,13.7
1417,10.5,10.5
1418,9.2,9.2
1419,8.2,8.2
1420,7.4,7.4
1421,6.1,6.1
1422,5.8,5.8
1423,5.1,5.1
1424,5.3,5.3
1425,5.3,5.3
1426,5.3,5.3
1427,7.3,7.3
1428,8.6,8.6
1429,9.8,9.8
1430,11.3,11.3
1431,13.9,13.9
1432,15.9,15.9
1433,18.3,18.3
1434,20.3,20.3
1435,22.8,22.8
1436,25.6,25.6
1437,29.6,29.6
1438,33.8,33.8
1439,37.3,37.3
1440,41.1,41.1
1441,44.7,44.7
1442,46.9,46.9
1443,47.2,47.2
1444,53.7,53.7
1445,60.1,60.1
1446,62.7,62.7
1447,66.4,66.4
1448,69.5,69.5
1449,69.3,69.3
1450,70.8,70.8
1451,73.9,73.9
1452,75.3,75.3
1453,79.9,79.9
1454,88.8,88.8
1455,98.7,98.7
1456,104.7,104.7
1457,107.0,107.0
1458,113.1,113.1
1459,119.3,119.3
1460,123.9,123.9
1461,131.1,131.1
1462,137.0,137.0
1463,139.1,139.1
1464,140.0,140.0
1465,140.9,140.9
1466,139.5,139.5
1467,139.7,139.7
1468,137.2,137.2
1469,133.5,133.5
1470,131.1,131.1
1471,127.4,127.4
1472,122.8,122.8
1473,118.0,118.0
1474,114.5,114.5
1475,111.2,111.2
1476,110.5,110.5
1477,110.0,110.0
1478,105.5,105.5
1479,100.4,100.4
1480,97.3,97.3
1481,98.8,98.8
1482,99.0,99.0
1483,97.6,97.6
1484,100.4,100.4
1485,101.7,101.7
1486,102.2,102.2
1487,101.7,101.7
1488,102.3,102.3
1489,101.2,101.2
1490,102.0,102.0
1491,99.8,99.8
1492,94.9,94.9
1493,89.4,89.4
1494,86.2,86.2
1495,84.2,84.2
1496,78.6,78.6
1497,73.9,73.9
1498,69.2,69.2
1499,66.3,66.3
1500,64.1,64.1
1501,60.6,60.6
1502,56.2,56.2
1503,52.6,52.6
1504,52.3,52.3
1505,51.7,51.7
1506,51.8,51.8
1507,51.2,51.2
1508,49.6,49.6
1509,48.5,48.5
1510,46.3,46.3
1511,44.7,44.7
1512,40.8,40.8
1513,37.3,37.3
1514,36.3,36.3
1515,36.0,36.0
1516,33.3,33.3
1517,32.1,32.1
1518,27.5,27.5
1519,23.6,23.6
1520,21.4,21.4
1521,19.6,19.6
1522,18.7,18.7
1523,17.1,17.1
1524,17.1,17.1
1525,16.5,16.5
1526,16.2,16.2
1527,14.0,14.0
1528,13.5,13.5
1529,11.6,11.6
1530,11.8,11.8
1531,11.4,11.4
1532,12.0,12.0
1533,12.1,12.1
1534,11.5,11.5
1535,11.3,11.3
1536,12.2,12.2
1537,11.6,11.6
1538,10.0,10.0
1539,11.1,11.1
1540,12.5,12.5
1541,13.5,13.5
1542,12.7,12.7
1543,12.5,12.5
1544,13.0,13.0
1545,12.4,12.4
1546,12.8,12.8
1547,12.3,12.3
1548,10.5,10.5
1549,10.3,10.3
1550,10.0,10.0
1551,8.7,8.7
1552,7.4,7.4
1553,6.8,6.8
1554,6.3,6.3
1555,5.8,5.8
1556,4.9,4.9
1557,4.4,4.4
1558,3.5,3.5
1559,3.4,3.4
1560,3.2,3.2
1561,2.7,2.7
1562,2.1,2.1
1563,2.6,2.6
1564,2.3,2.3
1565,2.2,2.2
1566,2.8,2.8
1567,3.7,3.7
1568,3.7,3.7
1569,4.7,4.7
1570,5.4,5.4
1571,6.0,6.0
1572,7.9,7.9
1573,10.1,10.1
1574,11.8,11.8
1575,12.9,12.9
1576,14.6,14.6
1577,17.1,17.1
1578,18.3,18.3
1579,21.4,21.4
1580,26.4,26.4
1581,28.9,28.9
1582,30.4,30.4
1583,32.3,32.3
1584,33.3,33.3
1585,35.4,35.4
1586,38.1,38.1
1587,40.8,40.8
1588,42.5,42.5
1589,44.7,44.7
1590,49.3,49.3
1591,50.1,50.1
1592,49.0,49.0
1593,50.8,50.8
1594,52.8,52.8
1595,54.3,54.3
1596,55.0,55.0
1597,56.3,56.3
1598,57.6,57.6
1599,61.3,61.3
1600,63.0,63.0
1601,61.8,61.8
1602,59.1,59.1
1603,57.7,57.7
1604,58.0,58.0
1605,57.6,57.6
1606,60.1,60.1
1607,59.7,59.7
1608,61.0,61.0
1609,59.1,59.1
1610,57.0,57.0
1611,55.9,55.9
1612,53.2,53.2
1613,55.8,55.8
1614,58.8,58.8
1615,59.2,59.2
1616,58.8,58.8
1617,60.9,60.9
1618,60.9,60.9
1619,63.7,63.7
1620,66.3,66.3
1621,69.6,69.6
1622,73.3,73.3
1623,72.8,72.8
1624,75.6,75.6
1625,73.5,73.5
1626,71.2,71.2
1627,72.1,72.1
1628,72.8,72.8
1629,69.8,69.8
1630,65.8,65.8
1631,63.5,63.5
1632,59.4,59.4
1633,58.1,58.1
1634,55.1,55.1
1635,53.3,53.3
1636,53.8,53.8
1637,56.5,56.5
1638,57.7,57.7
1639,57.2,57.2
1640,55.3,55.3
1641,54.6,54.6
1642,54.3,54.3
1643,52.2,52.2
1644,51.1,51.1
1645,47.3,47.3
1646,47.9,47.9
1647,46.9,46.9
1648,43.4,43.4
1649,38.7,38.7
1650,35.7,35.7
1651,32.9,32.9
1652,31.4,31.4
1653,28.9,28.9
1654,26.2,26.2
1655,25.4,25.4
1656,23.7,23.7
1657,22.7,22.7
1658,18.3,18.3
1659,15.2,15.2
1660,14.3,14.3
1661,13.4,13.4
1662,12.8,12.8
1663,13.1,13.1
1664,12.0,12.0
1665,11.8,11.8
1666,12.4,12.4
1667,13.1,13.1
1668,13.3,13.3
1669,12.7,12.7
1670,13.0,13.0
1671,12.9,12.9
1672,11.8,11.8
1673,11.1,11.1
1674,9.4,9.4
1675,7.9,7.9
1676,8.0,8.0
1677,7.6,7.6
1678,7.9,7.9
1679,6.8,6.8
1680,5.8,5.8
1681,5.9,5.9
1682,5.8,5.8
1683,5.7,5.7
1684,5.4,5.4
1685,5.3,5.3
1686,5.9,5.9
1687,7.3,7.3
1688,7.1,7.1
1689,7.1,7.1
1690,6.3,6.3
1691,6.3,6.3
1692,6.6,6.6
1693,6.0,6.0
1694,5.8,5.8
1695,5.6,5.6
1696,5.8,5.8
1697,5.4,5.4
1698,5.5,5.5
1699,4.5,4.5
1700,5.4,5.4
1701,6.2,6.2
1702,7.0,7.0
1703,7.1,7.1
1704,7.7,7.7
1705,9.5,9.5
1706,10.0,10.0
1707,11.6,11.6
1708,14.6,14.6
1709,18.5,18.5
1710,22.4,22.4
1711,24.5,24.5
1712,27.5,27.5
1713,30.9,30.9
1714,33.6,33.6
1715,35.6,35.6
1716,40.3,40.3
1717,44.7,44.7
1718,48.0,48.0
1719,52.1,52.1
1720,55.3,55.3
1721,57.6,57.6
1722,59.1,59.1
1723,64.8,64.8
1724,65.6,65.6
1725,67.2,67.2
1726,69.1,69.1
1727,73.0,73.0
1728,73.5,73.5
1729,73.2,73.2
1730,74.6,74.6
1731,76.1,76.1
1732,76.5,76.5
1733,77.5,77.5
1734,78.5,78.5
1735,80.8,80.8
1736,82.1,82.1
1737,82.9,82.9
1738,83.7,83.7
1739,84.9,84.9
1740,85.6,85.6
1741,86.6,86.6
1742,85.5,85.5
1743,84.9,84.9
1744,86.3,86.3
1745,87.2,87.2
1746,88.6,88.6
1747,83.7,83.7
1748,82.7,82.7
1749,82.4,82.4
1750,80.8,80.8
1751,78.0,78.0
1752,76.4,76.4
1753,74.9,74.9
1754,75.6,75.6
1755,75.2,75.2
1756,72.4,72.4
1757,70.1,70.1
1758,65.3,65.3
1759,65.2,65.2
1760,64.5,64.5
1761,63.9,63.9
1762,63.1,63.1
1763,64.0,64.0
1764,61.1,61.1
1765,60.3,60.3
1766,59.5,59.5
1767,56.8,56.8
1768,53.5,53.5
1769,51.6,51.6
1770,51.4,51.4
1771,47.9,47.9
1772,48.2,48.2
1773,44.9,44.9
1774,44.1,44.1
1775,41.8,41.8
1776,42.8,42.8
1777,40.4,40.4
1778,38.5,38.5
1779,37.4,37.4
1780,36.8,36.8
1781,33.7,33.7
1782,32.2,32.2
1783,31.8,31.8
1784,30.7,30.7
1785,29.5,29.5
1786,27.0,27.0
1787,26.2,26.2
1788,25.4,25.4
1789,26.0,26.0
1790,26.7,26.7
1791,25.4,25.4
1792,25.8,25.8
1793,26.8,26.8
1794,25.2,25.2
1795,26.0,26.0
1796,24.9,24.9
1797,26.6,26.6
1798,28.4,28.4
1799,26.7,26.7
1800,25.8,25.8
1801,23.6,23.6
1802,21.9,21.9
1803,21.9,21.9
1804,20.3,20.3
1805,20.2,20.2
1806,20.6,20.6
1807,18.2,18.2
1808,16.0,16.0
1809,14.2,14.2
1810,12.3,12.3
1811,12.1,12.1
1812,11.3,11.3
1813,11.6,11.6
1814,10.8,10.8
1815,11.0,11.0
1816,11.6,11.6
1817,10.9,10.9
1818,10.5,10.5
1819,10.6,10.6
1820,10.6,10.6
1821,10.6,10.6
1822,10.3,10.3
1823,9.5,9.5
1824,8.7,8.7
1825,7.8,7.8
1826,7.4,7.4
1827,6.1,6.1
1828,5.7,5.7
1829,5.1,5.1
1830,4.5,4.5
1831,4.2,4.2
1832,3.6,3.6
1833,2.8,2.8
1834,2.8,2.8
1835,2.7,2.7
1836,3.2,3.2
1837,3.0,3.0
1838,3.6,3.6
1839,3.6,3.6
1840,3.0,3.0
1841,2.6,2.6
1842,2.7,2.7
1843,2.8,2.8
1844,3.3,3.3
1845,4.4,4.4
1846,4.9,4.9
1847,5.0,5.0
1848,5.3,5.3
1849,6.7,6.7
1850,6.8,6.8
1851,9.0,9.0
1852,10.0,10.0
1853,11.2,11.2
1854,13.4,13.4
1855,15.7,15.7
1856,15.9,15.9
1857,17.8,17.8
1858,20.7,20.7
1859,24.4,24.4
1860,26.3,26.3
1861,27.0,27.0
1862,28.9,28.9
1863,30.3,30.3
1864,32.4,32.4
1865,34.5,34.5
1866,36.4,36.4
1867,38.9,38.9
1868,40.5,40.5
1869,41.7,41.7
1870,41.2,41.2
1871,42.0,42.0
1872,43.9,43.9
1873,49.0,49.0
1874,50.6,50.6
1875,50.3,50.3
1876,51.0,51.0
1877,51.6,51.6
1878,53.5,53.5
1879,53.5,53.5
1880,55.6,55.6
1881,57.6,57.6
1882,63.4,63.4
1883,63.5,63.5
1884,62.7,62.7
1885,58.2,58.2
1886,58.8,58.8
1887,60.2,60.2
1888,61.0,61.0
1889,62.1,62.1
1890,64.7,64.7
1891,63.8,63.8
1892,63.9,63.9
1893,58.8,58.8
1894,53.1,53.1
1895,53.9,53.9
1896,56.4,56.4
1897,62.8,62.8
1898,62.5,62.5
1899,62.3,62.3
1900,61.1,61.1
1901,59.2,59.2
1902,54.7,54.7
1903,55.2,55.2
1904,57.6,57.6
1905,61.6,61.6
1906,63.5,63.5
1907,62.0,62.0
1908,58.9,58.9
1909,52.7,52.7
1910,50.1,50.1
1911,50.5,50.5
1912,50.3,50.3
1913,51.0,51.0
1914,50.1,50.1
1915,53.1,53.1
1916,53.3,53.3
1917,50.5,50.5
1918,49.2,49.2
1919,48.5,48.5
1920,50.0,50.0
1921,51.1,51.1
1922,54.2,54.2
1923,52.1,52.1
1924,51.7,51.7
1925,49.6,49.6
1926,49.3,49.3
1927,43.6,43.6
1928,39.6,39.6
1929,41.8,41.8
1930,42.7,42.7
1931,43.9,43.9
1932,41.4,41.4
1933,40.1,40.1
1934,36.4,36.4
1935,34.4,34.4
1936,33.2,33.2
1937,32.4,32.4
1938,30.6,30.6
1939,29.6,29.6
1940,28.5,28.5
1941,26.9,26.9
1942,22.6,22.6
1943,18.6,18.6
1944,16.7,16.7
1945,14.8,14.8
1946,13.7,13.7
1947,14.3,14.3
1948,13.2,13.2
1949,12.4,12.4
1950,11.5,11.5
1951,10.9,10.9
1952,9.0,9.0
1953,6.1,6.1
1954,6.0,6.0
1955,5.7,5.7
1956,5.4,5.4
1957,4.7,4.7
1958,4.5,4.5
1959,3.5,3.5
1960,3.1,3.1
1961,3.2,3.2
1962,3.2,3.2
1963,2.9,2.9
1964,3.3,3.3
1965,3.5,3.5
1966,3.2,3.2
1967,3.6,3.6
1968,3.8,3.8
1969,4.0,4.0
1970,3.6,3.6
1971,3.3,3.3
1972,3.0,3.0
1973,2.6,2.6
1974,2.5,2.5
1975,2.5,2.5
1976,1.8,1.8
1977,1.7,1.7
1978,1.7,1.7
1979,1.4,1.4
1980,1.5,1.5
1981,1.5,1.5
1982,1.7,1.7
1983,3.0,3.0
1984,3.5,3.5
1985,4.4,4.4
1986,4.7,4.7
1987,5.4,5.4
1988,6.3,6.3
1989,6.7,6.7
1990,8.1,8.1
1991,9.6,9.6
1992,11.3,11.3
1993,14.6,14.6
1994,17.6,17.6
1995,19.6,19.6
1996,21.9,21.9
1997,26.7,26.7
1998,32.2,32.2
1999,37.3,37.3
2000,40.4,40.4
2001,44.2,44.2
2002,46.4,46.4
2003,47.4,47.4
2004,49.2,49.2
2005,50.3,50.3
2006,52.7,52.7
2007,55.2,55.2
2008,58.7,58.7
2009,58.6,58.6
2010,57.1,57.1
2011,54.2,54.2
2012,53.8,53.8
2013,53.6,53.6
2014,55.5,55.5
2015,57.1,57.1
2016,59.5,59.5
2017,60.9,60.9
2018,63.2,63.2
2019,63.5,63.5
2020,66.8,66.8
2021,70.7,70.7
2022,76.2,76.2
2023,86.2,86.2
2024,93.2,93.2
2025,95.0,95.0
2026,97.5,97.5
2027,103.9,103.9
2028,105.7,105.7
2029,105.1,105.1
2030,103.2,103.2
2031,103.7,103.7
2032,100.6,100.6
2033,96.0,96.0
2034,95.0,95.0
2035,90.6,90.6
2036,86.4,86.4
2037,87.5,87.5
2038,86.4,86.4
2039,80.6,80.6
2040,76.6,76.6
2041,77.8,77.8
2042,77.3,77.3
2043,74.9,74.9
2044,75.9,75.9
2045,80.2,80.2
2046,76.6,76.6
2047,73.9,73.9
2048,71.8,71.8
2049,69.1,69.1
2050,65.6,65.6
2051,63.6,63.6
2052,63.9,63.9
2053,61.7,61.7
2054,62.0,62.0
2055,59.0,59.0
2056,54.4,54.4
2057,48.3,48.3
2058,45.2,45.2
2059,41.1,41.1
2060,39.6,39.6
2061,39.3,39.3
2062,38.1,38.1
2063,37.6,37.6
2064,36.0,36.0
2065,33.9,33.9
2066,30.3,30.3
2067,31.7,31.7
2068,30.8,30.8
2069,30.4,30.4
2070,31.6,31.6
2071,31.9,31.9
2072,30.3,30.3
2073,27.7,27.7
2074,26.9,26.9
2075,26.1,26.1
2076,24.5,24.5
2077,24.3,24.3
2078,26.7,26.7
2079,24.9,24.9
2080,23.7,23.7
2081,21.4,21.4
2082,18.8,18.8
2083,17.4,17.4
2084,16.3,16.3
2085,15.3,15.3
2086,14.5,14.5
2087,14.2,14.2
2088,13.6,13.6
2089,11.6,11.6
2090,7.3,7.3
2091,6.9,6.9
2092,6.5,6.5
2093,6.7,6.7
2094,6.1,6.1
2095,5.6,5.6
2096,6.3,6.3
2097,6.8,6.8
2098,7.0,7.0
2099,5.8,5.8
2100,5.4,5.4
2101,5.7,5.7
2102,5.6,5.6
2103,6.1,6.1
2104,7.5,7.5
2105,8.8,8.8
2106,10.8,10.8
2107,12.4,12.4
2108,13.4,13.4
2109,14.5,14.5
2110,15.6,15.6
2111,16.7,16.7
2112,17.1,17.1
2113,18.6,18.6
2114,20.0,20.0
2115,21.7,21.7
2116,23.5,23.5
2117,25.5,25.5
2118,26.4,26.4
2119,27.9,27.9
2120,30.8,30.8
2121,34.5,34.5
2122,37.5,37.5
2123,44.3,44.3
2124,49.8,49.8
2125,53.7,53.7
2126,57.4,57.4
2127,58.0,58.0
2128,59.8,59.8
2129,62.0,62.0
2130,63.1,63.1
2131,65.1,65.1
2132,65.1,65.1
2133,65.3,65.3
2134,65.5,65.5
2135,63.9,63.9
2136,64.7,64.7
2137,66.6,66.6
2138,67.2,67.2
2139,71.8,71.8
2140,73.0,73.0
2141,71.8,71.8
2142,72.1,72.1
2143,71.4,71.4
2144,72.0,72.0
2145,71.3,71.3
2146,71.9,71.9
2147,69.0,69.0
2148,69.2,69.2
2149,67.6,67.6
2150,68.9,68.9
2151,67.8,67.8
2152,67.6,67.6
2153,70.3,70.3
2154,73.9,73.9
2155,76.4,76.4
2156,78.2,78.2
2157,78.1,78.1
2158,76.6,76.6
2159,77.8,77.8
2160,76.6,76.6
2161,75.8,75.8
2162,72.9,72.9
2163,70.5,70.5
2164,69.0,69.0
2165,67.4,67.4
2166,65.0,65.0
2167,63.5,63.5
2168,58.9,58.9
2169,58.3,58.3
2170,60.9,60.9
2171,65.0,65.0
2172,64.7,64.7
2173,63.4,63.4
2174,62.2,62.2
2175,60.9,60.9
2176,59.2,59.2
2177,55.6,55.6
2178,51.5,51.5
2179,48.1,48.1
2180,47.9,47.9
2181,46.3,46.3
2182,42.5,42.5
2183,35.7,35.7
2184,31.4,31.4
2185,30.9,30.9
2186,30.5,30.5
2187,29.9,29.9
2188,28.9,28.9
2189,27.8,27.8
2190,27.4,27.4
2191,26.4,26.4
2192,25.3,25.3
2193,23.3,23.3
2194,21.9,21.9
2195,21.2,21.2
2196,21.0,21.0
2197,18.3,18.3
2198,16.7,16.7
2199,15.1,15.1
2200,14.5,14.5
2201,15.1,15.1
2202,14.4,14.4
2203,13.9,13.9
2204,12.7,12.7
2205,12.6,12.6
2206,11.7,11.7
2207,11.1,11.1
2208,11.2,11.2
2209,12.1,12.1
2210,12.0,12.0
2211,11.3,11.3
2212,10.1,10.1
2213,8.7,8.7
2214,8.1,8.1
2215,7.6,7.6
2216,7.7,7.7
2217,7.2,7.2
2218,6.6,6.6
2219,5.7,5.7
2220,4.9,4.9
2221,3.7,3.7
2222,3.2,3.2
2223,3.9,3.9
2224,5.3,5.3
2225,5.4,5.4
2226,6.0,6.0
2227,6.7,6.7
2228,6.6,6.6
2229,6.8,6.8
2230,7.5,7.5
2231,8.7,8.7
2232,10.0,10.0
2233,11.1,11.1
2234,12.6,12.6
2235,12.7,12.7
2236,13.3,13.3
2237,16.6,16.6
2238,18.6,18.6
2239,20.5,20.5
2240,23.6,23.6
2241,27.6,27.6
2242,32.2,32.2
2243,36.1,36.1
2244,39.7,39.7
2245,44.2,44.2
2246,48.7,48.7
2247,53.9,53.9
2248,56.2,56.2
2249,58.2,58.2
2250,59.8,59.8
2251,64.5,64.5
2252,67.3,67.3
2253,70.3,70.3
2254,74.6,74.6
2255,79.7,79.7
2256,85.5,85.5
2257,90.1,90.1
2258,90.6,90.6
2259,93.5,93.5
2260,98.7,98.7
2261,103.7,103.7
2262,111.4,111.4
2263,115.7,115.7
2264,117.7,117.7
2265,120.7,120.7
2266,117.3,117.3
2267,114.4,114.4
2268,111.6,111.6
2269,110.8,110.8
2270,111.0,111.0
2271,110.3,110.3
2272,111.2,111.2
2273,108.5,108.5
2274,110.2,110.2
2275,108.3,108.3
2276,107.4,107.4
2277,105.2,105.2
2278,109.2,109.2
2279,109.6,109.6
2280,108.0,108.0
2281,104.6,104.6
2282,102.7,102.7
2283,103.4,103.4
2284,102.7,102.7
2285,102.9,102.9
2286,97.3,97.3
2287,96.5,96.5
2288,98.4,98.4
2289,97.5,97.5
2290,93.0,93.0
2291,88.8,88.8
2292,86.3,86.3
2293,84.8,84.8
2294,86.3,86.3
2295,82.3,82.3
2296,77.0,77.0
2297,75.5,75.5
2298,73.0,73.0
2299,73.0,73.0
2300,69.2,69.2
2301,66.4,66.4
2302,65.6,65.6
2303,67.8,67.8
2304,67.4,67.4
2305,66.1,66.1
2306,63.1,63.1
2307,60.7,60.7
2308,58.7,58.7
2309,56.7,56.7
2310,56.6,56.6
2311,52.8,52.8
2312,52.8,52.8
2313,52.0,52.0
2314,50.4,50.4
2315,47.5,47.5
2316,46.6,46.6
2317,47.3,47.3
2318,48.0,48.0
2319,50.3,50.3
2320,49.9,49.9
2321,45.9,45.9
2322,41.8,41.8
2323,38.5,38.5
2324,34.4,34.4
2325,32.2,32.2
2326,31.5,31.5
2327,30.6,30.6
2328,28.7,28.7
2329,26.7,26.7
2330,24.4,24.4
2331,21.6,21.6
2332,20.7,20.7
2333,20.3,20.3
2334,20.0,20.0
2335,19.9,19.9
2336,19.3,19.3
2337,18.3,18.3
2338,16.6,16.6
2339,16.3,16.3
2340,15.6,15.6
2341,13.2,13.2
2342,11.9,11.9
2343,9.7,9.7
2344,8.8,8.8
2345,8.5,8.5
2346,7.9,7.9
2347,7.6,7.6
2348,8.0,8.0
2349,8.7,8.7
2350,8.8,8.8
2351,9.6,9.6
2352,10.8,10.8
2353,11.8,11.8
2354,12.7,12.7
2355,15.4,15.4
2356,17.7,17.7
2357,20.3,20.3
2358,23.4,23.4
2359,24.2,24.2
2360,25.9,25.9
2361,30.2,30.2
2362,33.2,33.2
2363,33.1,33.1
2364,35.5,35.5
2365,41.6,41.6
2366,46.2,46.2
2367,49.9,49.9
2368,54.4,54.4
2369,57.5,57.5
2370,63.6,63.6
2371,70.4,70.4
2372,75.4,75.4
2373,78.2,78.2
2374,84.7,84.7
2375,92.5,92.5
2376,98.2,98.2
2377,100.5,100.5
2378,104.9,104.9
2379,111.1,111.1
2380,120.8,120.8
2381,128.3,128.3
2382,131.8,131.8
2383,138.6,138.6
2384,144.8,144.8
2385,149.9,149.9
2386,150.3,150.3
2387,149.8,149.8
2388,149.2,149.2
2389,147.0,147.0
2390,144.1,144.1
2391,147.4,147.4
2392,145.1,145.1
2393,145.4,145.4
2394,144.1,144.1
2395,141.5,141.5
2396,139.4,139.4
2397,137.1,137.1
2398,134.4,134.4
2399,136.2,136.2
2400,137.1,137.1
2401,145.1,145.1
2402,150.3,150.3
2403,146.8,146.8
2404,141.1,141.1
2405,137.3,137.3
2406,135.9,135.9
2407,133.1,133.1
2408,133.2,133.2
2409,132.8,132.8
2410,136.8,136.8
2411,135.1,135.1
2412,133.7,133.7
2413,126.4,126.4
2414,122.4,122.4
2415,119.6,119.6
2416,119.6,119.6
2417,116.4,116.4
2418,113.5,113.5
2419,110.3,110.3
2420,102.5,102.5
2421,96.6,96.6
2422,89.2,89.2
2423,83.9,83.9
2424,80.5,80.5
2425,77.5,77.5
2426,73.4,73.4
2427,71.7,71.7
2428,71.9,71.9
2429,73.3,73.3
2430,70.8,70.8
2431,68.8,68.8
2432,71.5,71.5
2433,70.7,70.7
2434,70.5,70.5
2435,69.8,69.8
2436,68.2,68.2
2437,65.1,65.1
2438,61.9,61.9
2439,56.6,56.6
2440,49.5,49.5
2441,44.1,44.1
2442,42.3,42.3
2443,41.8,41.8
2444,37.2,37.2
2445,34.9,34.9
2446,32.4,32.4
2447,31.4,31.4
2448,30.2,30.2
2449,28.7,28.7
2450,27.7,27.7
2451,27.6,27.6
2452,26.6,26.6
2453,25.4,25.4
2454,22.9,22.9
2455,20.3,20.3
2456,19.5,19.5
2457,18.2,18.2
2458,16.5,16.5
2459,13.9,13.9
2460,11.7,11.7
2461,11.4,11.4
2462,11.5,11.5
2463,9.3,9.3
2464,8.3,8.3
2465,6.5,6.5
2466,6.2,6.2
2467,4.9,4.9
2468,3.5,3.5
2469,3.4,3.4
2470,4.0,4.0
2471,4.4,4.4
2472,6.3,6.3
2473,8.0,8.0
2474,7.5,7.5
2475,8.3,8.3
2476,10.6,10.6
2477,13.3,13.3
2478,15.1,15.1
2479,17.8,17.8
2480,21.2,21.2
2481,25.5,25.5
2482,32.2,32.2
2483,38.0,38.0
2484,42.2,42.2
2485,50.8,50.8
2486,60.2,60.2
2487,68.5,68.5
2488,77.5,77.5
2489,84.6,84.6
2490,93.1,93.1
2491,103.8,103.8
2492,114.7,114.7
2493,122.8,122.8
2494,132.1,132.1
2495,141.7,141.7
2496,149.3,149.3
2497,149.8,149.8
2498,153.1,153.1
2499,158.5,158.5
2500,160.8,160.8
2501,167.8,167.8
2502,172.7,172.7
2503,171.7,171.7
2504,176.9,176.9
2505,185.1,185.1
2506,185.9,185.9
2507,189.9,189.9
2508,193.0,193.0
2509,195.9,195.9
2510,198.6,198.6
2511,200.4,200.4
2512,201.3,201.3
2513,198.8,198.8
2514,199.2,199.2
2515,202.7,202.7
2516,199.8,199.8
2517,193.8,193.8
2518,188.9,188.9
2519,184.6,184.6
2520,185.8,185.8
2521,184.0,184.0
2522,183.6,183.6
2523,180.9,180.9
2524,180.6,180.6
2525,180.4,180.4
2526,176.9,176.9
2527,176.8,176.8
2528,172.2,172.2
2529,166.3,166.3
2530,164.0,164.0
2531,158.8,158.8
2532,152.8,152.8
2533,149.7,149.7
2534,142.8,142.8
2535,139.3,139.3
2536,135.0,135.0
2537,130.1,130.1
2538,127.8,127.8
2539,122.3,122.3
2540,120.8,120.8
2541,118.4,118.4
2542,115.6,115.6
2543,112.3,112.3
2544,104.9,104.9
2545,99.9,99.9
2546,95.8,95.8
2547,90.8,90.8
2548,85.1,85.1
2549,82.3,82.3
2550,78.0,78.0
2551,71.5,71.5
2552,66.2,66.2
2553,62.5,62.5
2554,57.7,57.7
2555,53.9,53.9
2556,52.3,52.3
2557,52.7,52.7
2558,52.0,52.0
2559,50.8,50.8
2560,50.2,50.2
2561,47.2,47.2
2562,43.2,43.2
2563,40.4,40.4
2564,39.3,39.3
2565,39.5,39.5
2566,39.0,39.0
2567,37.6,37.6
2568,36.0,36.0
2569,33.9,33.9
2570,31.5,31.5
2571,30.1,30.1
2572,30.0,30.0
2573,29.5,29.5
2574,29.3,29.3
2575,30.3,30.3
2576,29.2,29.2
2577,28.9,28.9
2578,28.6,28.6
2579,27.9,27.9
2580,27.5,27.5
2581,27.0,27.0
2582,26.9,26.9
2583,25.2,25.2
2584,22.4,22.4
2585,20.2,20.2
2586,18.8,18.8
2587,16.8,16.8
2588,14.0,14.0
2589,11.5,11.5
2590,10.2,10.2
2591,10.2,10.2
2592,10.4,10.4
2593,10.1,10.1
2594,9.7,9.7
2595,9.5,9.5
2596,10.8,10.8
2597,11.3,11.3
2598,12.1,12.1
2599,12.0,12.0
2600,13.0,13.0
2601,14.2,14.2
2602,14.9,14.9
2603,15.1,15.1
2604,16.0,16.0
2605,16.8,16.8
2606,17.9,17.9
2607,21.4,21.4
2608,23.2,23.2
2609,25.8,25.8
2610,29.6,29.6
2611,33.1,33.1
2612,35.9,35.9
2613,39.0,39.0
2614,42.4,42.4
2615,46.9,46.9
2616,53.8,53.8
2617,59.5,59.5
2618,66.7,66.7
2619,68.5,68.5
2620,71.9,71.9
2621,73.5,73.5
2622,76.4,76.4
2623,81.1,81.1
2624,83.3,83.3
2625,85.9,85.9
2626,89.0,89.0
2627,93.7,93.7
2628,94.6,94.6
2629,96.1,96.1
2630,94.5,94.5
2631,95.4,95.4
2632,98.8,98.8
2633,102.4,102.4
2634,102.8,102.8
2635,103.0,103.0
2636,106.3,106.3
2637,108.0,108.0
2638,107.3,107.3
2639,105.9,105.9
2640,104.4,104.4
2641,105.2,105.2
2642,108.8,108.8
2643,110.9,110.9
2644,110.3,110.3
2645,110.0,110.0
2646,110.0,110.0
2647,109.1,109.1
2648,106.9,106.9
2649,105.9,105.9
2650,106.6,106.6
2651,105.6,105.6
2652,106.2,106.2
2653,106.8,106.8
2654,104.0,104.0
2655,104.2,104.2
2656,104.9,104.9
2657,104.9,104.9
2658,106.2,106.2
2659,105.8,105.8
2660,106.5,106.5
2661,105.8,105.8
2662,105.9,105.9
2663,104.7,104.7
2664,103.0,103.0
2665,98.9,98.9
2666,95.4,95.4
2667,92.3,92.3
2668,86.5,86.5
2669,81.7,81.7
2670,79.1,79.1
2671,76.4,76.4
2672,72.3,72.3
2673,69.4,69.4
2674,66.8,66.8
2675,66.7,66.7
2676,64.2,64.2
2677,65.0,65.0
2678,66.6,66.6
2679,65.9,65.9
2680,67.8,67.8
2681,71.0,71.0
2682,70.6,70.6
2683,71.9,71.9
2684,73.0,73.0
2685,73.8,73.8
2686,72.0,72.0
2687,68.9,68.9
2688,67.4,67.4
2689,63.6,63.6
2690,60.8,60.8
2691,60.3,60.3
2692,57.2,57.2
2693,53.1,53.1
2694,48.7,48.7
2695,44.4,44.4
2696,44.0,44.0
2697,41.5,41.5
2698,40.0,40.0
2699,38.2,38.2
2700,36.8,36.8
2701,35.4,35.4
2702,33.4,33.4
2703,31.9,31.9
2704,31.7,31.7
2705,31.4,31.4
2706,34.1,34.1
2707,34.8,34.8
2708,33.2,33.2
2709,34.6,34.6
2710,34.6,34.6
2711,34.4,34.4
2712,33.7,33.7
2713,32.5,32.5
2714,31.7,31.7
2715,28.7,28.7
2716,26.2,26.2
2717,24.1,24.1
2718,21.8,21.8
2719,22.3,22.3
2720,20.2,20.2
2721,17.0,17.0
2722,16.5,16.5
2723,15.5,15.5
2724,14.6,14.6
2725,14.0,14.0
2726,14.8,14.8
2727,16.0,16.0
2728,16.3,16.3
2729,16.3,16.3
2730,14.1,14.1
2731,12.2,12.2
2732,12.2,12.2
2733,13.1,13.1
2734,11.9,11.9
2735,12.6,12.6
2736,13.2,13.2
2737,14.8,14.8
2738,13.7,13.7
2739,13.2,13.2
2740,13.7,13.7
2741,15.9,15.9
2742,17.6,17.6
2743,18.7,18.7
2744,21.2,21.2
2745,23.2,23.2
2746,25.2,25.2
2747,27.5,27.5
2748,30.4,30.4
2749,36.3,36.3
2750,42.0,42.0
2751,49.2,49.2
2752,54.5,54.5
2753,59.3,59.3
2754,63.3,63.3
2755,65.7,65.7
2756,73.5,73.5
2757,80.3,80.3
2758,86.0,86.0
2759,92.7,92.7
2760,102.2,102.2
2761,105.9,105.9
2762,111.0,111.0
2763,111.2,111.2
2764,115.5,115.5
2765,120.0,120.0
2766,127.4,127.4
2767,134.4,134.4
2768,138.6,138.6
2769,143.7,143.7
2770,150.8,150.8
2771,155.3,155.3
2772,154.7,154.7
2773,156.2,156.2
2774,155.2,155.2
2775,160.4,160.4
2776,164.2,164.2
2777,164.8,164.8
2778,162.9,162.9
2779,162.3,162.3
2780,159.6,159.6
2781,157.8,157.8
2782,154.8,154.8
2783,154.7,154.7
2784,150.9,150.9
2785,149.7,149.7
2786,150.5,150.5
2787,149.8,149.8
2788,145.5,145.5
2789,139.9,139.9
2790,140.5,140.5
2791,142.4,142.4
2792,143.5,143.5
2793,143.3,143.3
2794,142.4,142.4
2795,140.4,140.4
2796,140.1,140.1
2797,142.0,142.0
2798,143.5,143.5
2799,140.7,140.7
2800,136.9,136.9
2801,138.6,138.6
2802,135.4,135.4
2803,131.2,131.2
2804,127.1,127.1
2805,121.5,121.5
2806,118.2,118.2
2807,116.3,116.3
2808,114.1,114.1
2809,104.7,104.7
2810,97.4,97.4
2811,94.0,94.0
2812,95.4,95.4
2813,93.8,93.8
2814,91.8,91.8
2815,88.8,88.8
2816,83.1,83.1
2817,79.8,79.8
2818,74.4,74.4
2819,66.6,66.6